harvest_date,bunches_24ha,bunches_8ha,bunches_2ha,total_bunches,total_weight_kg,avg_bunch_weight_kg,has_missing_values,calculated_total_bunches,total_bunches_valid,calculated_avg_bunch_weight_kg,avg_bunch_weight_valid
2015-12-04,,,,622.0,1320.0,2.12,True,,,2.12,1.0
2015-12-19,,,,570.0,1470.0,2.58,True,,,2.58,1.0
2015-12-30,,,,420.0,1190.0,2.83,True,,,2.83,1.0
2016-01-05,,,,680.0,1790.0,2.63,True,,,2.63,1.0
2016-01-12,,,,735.0,1920.0,2.61,True,,,2.61,1.0
2016-01-20,,,,937.0,2410.0,2.57,True,,,2.57,1.0
2016-01-26,722.0,329.0,67.0,1118.0,2820.0,2.52,False,1118.0,1.0,2.52,1.0
2016-02-02,988.0,615.0,0.0,1603.0,4030.0,2.51,False,1603.0,1.0,2.51,1.0
2016-02-09,1047.0,0.0,90.0,1137.0,2480.0,2.18,False,1137.0,1.0,2.18,1.0
2016-02-10,0.0,517.0,0.0,517.0,1390.0,2.69,False,517.0,1.0,2.69,1.0
2016-02-16,982.0,375.0,0.0,1357.0,3250.0,2.39,False,1357.0,1.0,2.39,1.0
2016-02-17,0.0,60.0,85.0,145.0,540.0,3.72,False,145.0,1.0,3.72,1.0
2016-02-23,838.0,377.0,0.0,1215.0,2900.0,2.39,False,1215.0,1.0,2.39,1.0
2016-03-02,1325.0,579.0,0.0,1904.0,4400.0,2.31,False,1904.0,1.0,2.31,1.0
2016-03-08,1250.0,575.0,95.0,1920.0,4350.0,2.27,False,1920.0,1.0,2.27,1.0
2016-03-15,861.0,215.0,0.0,1076.0,2450.0,2.28,False,1076.0,1.0,2.28,1.0
2016-03-16,0.0,69.0,0.0,69.0,170.0,2.46,False,69.0,1.0,2.46,1.0
2016-03-22,414.0,306.0,53.0,773.0,1820.0,2.35,False,773.0,1.0,2.35,1.0
2016-03-24,348.0,231.0,0.0,579.0,1430.0,2.47,False,579.0,1.0,2.47,1.0
2016-04-05,206.0,93.0,15.0,314.0,760.0,2.42,False,314.0,1.0,2.42,1.0
2016-04-12,424.0,489.0,0.0,913.0,2470.0,2.71,False,913.0,1.0,2.71,1.0
2016-04-19,194.0,156.0,12.0,362.0,1521.0,4.2,False,362.0,1.0,4.2,1.0
2016-04-30,705.0,560.0,58.0,1323.0,3800.0,2.87,False,1323.0,1.0,2.87,1.0
2016-05-10,844.0,405.0,88.0,1337.0,3620.0,2.71,False,1337.0,1.0,2.71,1.0
2016-05-24,715.0,468.0,145.0,1328.0,3650.0,2.75,False,1328.0,1.0,2.75,1.0
2016-06-01,1064.0,461.0,93.0,1618.0,4370.0,2.7,False,1618.0,1.0,2.7,1.0
2016-06-07,656.0,280.0,55.0,991.0,2400.0,2.42,False,991.0,1.0,2.42,1.0
2016-06-14,598.0,270.0,83.0,951.0,2160.0,2.27,False,951.0,1.0,2.27,1.0
2016-06-21,1214.0,535.0,114.0,1863.0,3660.0,1.96,False,1863.0,1.0,1.96,1.0
2016-06-29,1126.0,404.0,119.0,1649.0,2840.0,1.72,False,1649.0,1.0,1.72,1.0
2016-07-12,685.0,266.0,75.0,1026.0,1780.0,1.73,False,1026.0,1.0,1.73,1.0
2016-07-28,640.0,272.0,98.0,1010.0,2398.0,2.37,False,1010.0,1.0,2.37,1.0
2016-08-16,235.0,130.0,94.0,459.0,780.0,1.7,False,459.0,1.0,1.7,1.0
2016-09-03,169.0,64.0,67.0,300.0,540.0,1.8,False,300.0,1.0,1.8,1.0
2016-11-17,141.0,24.0,48.0,213.0,570.0,2.68,False,213.0,1.0,2.68,1.0
2016-12-13,110.0,26.0,56.0,192.0,600.0,3.12,False,192.0,1.0,3.12,1.0
2016-12-26,106.0,28.0,33.0,167.0,510.0,3.05,False,167.0,1.0,3.05,1.0
2017-01-10,139.0,33.0,46.0,218.0,690.0,3.17,False,218.0,1.0,3.17,1.0
2017-01-20,208.0,83.0,63.0,354.0,1170.0,3.31,False,354.0,1.0,3.31,1.0
2017-01-27,193.0,66.0,43.0,302.0,970.0,3.21,False,302.0,1.0,3.21,1.0
2017-02-03,203.0,50.0,31.0,284.0,930.0,3.27,False,284.0,1.0,3.27,1.0
2017-02-10,201.0,71.0,36.0,308.0,1110.0,3.6,False,308.0,1.0,3.6,1.0
2017-02-17,269.0,86.0,64.0,419.0,1470.0,3.51,False,419.0,1.0,3.51,1.0
2017-02-24,461.0,131.0,88.0,680.0,2450.0,3.6,False,680.0,1.0,3.6,1.0
2017-03-03,435.0,210.0,110.0,755.0,2760.0,3.66,False,755.0,1.0,3.66,1.0
2017-03-10,534.0,206.0,126.0,866.0,3140.0,3.63,False,866.0,1.0,3.63,1.0
2017-03-17,634.0,253.0,110.0,997.0,3710.0,3.72,False,997.0,1.0,3.72,1.0
2017-03-24,502.0,159.0,65.0,726.0,3190.0,4.39,False,726.0,1.0,4.39,1.0
2017-03-31,623.0,445.0,192.0,1260.0,5250.0,4.17,False,1260.0,1.0,4.17,1.0
2017-04-07,535.0,213.0,118.0,866.0,3460.0,4.0,False,866.0,1.0,4.0,1.0
2017-04-15,519.0,154.0,116.0,789.0,3340.0,4.23,False,789.0,1.0,4.23,1.0
2017-04-18,340.0,145.0,62.0,547.0,2410.0,4.41,False,547.0,1.0,4.41,1.0
2017-04-25,598.0,279.0,82.0,959.0,4200.0,4.38,False,959.0,1.0,4.38,1.0
2017-05-02,502.0,193.0,90.0,785.0,3540.0,4.51,False,785.0,1.0,4.51,1.0
2017-05-10,427.0,182.0,116.0,725.0,3310.0,4.57,False,725.0,1.0,4.57,1.0
2017-05-17,469.0,189.0,90.0,748.0,3740.0,5.0,False,748.0,1.0,5.0,1.0
2017-05-24,399.0,213.0,77.0,689.0,3620.0,5.25,False,689.0,1.0,5.25,1.0
2017-05-31,758.0,311.0,114.0,1183.0,6210.0,5.25,False,1183.0,1.0,5.25,1.0
2017-06-06,426.0,177.0,70.0,673.0,3700.0,5.5,False,673.0,1.0,5.5,1.0
2017-06-15,891.0,322.0,99.0,1312.0,8240.0,6.28,False,1312.0,1.0,6.28,1.0
2017-06-21,1147.0,395.0,106.0,1648.0,8350.0,5.07,False,1648.0,1.0,5.07,1.0
2017-06-28,1239.0,489.0,159.0,1887.0,8620.0,4.57,False,1887.0,1.0,4.57,1.0
2017-07-05,946.0,418.0,123.0,1487.0,7700.0,5.18,False,1487.0,1.0,5.18,1.0
2017-07-12,1230.0,493.0,139.0,1862.0,10180.0,5.47,False,1862.0,1.0,5.47,1.0
2017-07-19,1210.0,536.0,118.0,1864.0,10870.0,5.83,False,1864.0,1.0,5.83,1.0
2017-07-27,1271.0,451.0,78.0,1800.0,10900.0,6.06,False,1800.0,1.0,6.06,1.0
2017-08-02,1086.0,453.0,77.0,1616.0,10090.0,6.24,False,1616.0,1.0,6.24,1.0
2017-08-10,909.0,416.0,75.0,1400.0,8540.0,6.1,False,1400.0,1.0,6.1,1.0
2017-08-17,1075.0,423.0,53.0,1551.0,9780.0,6.31,False,1551.0,1.0,6.31,1.0
2017-08-23,770.0,451.0,55.0,1276.0,7740.0,6.07,False,1276.0,1.0,6.07,1.0
2017-08-30,929.0,527.0,30.0,1486.0,9210.0,6.2,False,1486.0,1.0,6.2,1.0
2017-09-04,923.0,339.0,54.0,1316.0,8560.0,6.5,False,1316.0,1.0,6.5,1.0
2017-09-12,1196.0,542.0,48.0,1786.0,11070.0,6.2,False,1786.0,1.0,6.2,1.0
2017-09-18,724.0,425.0,58.0,1207.0,8440.0,6.99,False,1207.0,1.0,6.99,1.0
2017-09-27,680.0,310.0,27.0,1017.0,7040.0,6.92,False,1017.0,1.0,6.92,1.0
2017-10-04,732.0,347.0,0.0,1079.0,7920.0,7.34,False,1079.0,1.0,7.34,1.0
2017-10-10,510.0,253.0,44.0,807.0,5550.0,6.88,False,807.0,1.0,6.88,1.0
2017-10-17,481.0,225.0,24.0,730.0,4950.0,6.78,False,730.0,1.0,6.78,1.0
2017-10-23,397.0,230.0,32.0,659.0,4990.0,7.57,False,659.0,1.0,7.57,1.0
2017-10-30,458.0,220.0,6.0,684.0,4620.0,6.75,False,684.0,1.0,6.75,1.0
2017-11-06,371.0,214.0,0.0,585.0,3840.0,6.56,False,585.0,1.0,6.56,1.0
2017-11-14,382.0,114.0,39.0,535.0,3740.0,6.99,False,535.0,1.0,6.99,1.0
2017-11-20,333.0,174.0,0.0,507.0,3430.0,6.77,False,507.0,1.0,6.77,1.0
2017-11-27,231.0,98.0,38.0,367.0,2250.0,6.13,False,367.0,1.0,6.13,1.0
2017-12-06,96.0,54.0,0.0,150.0,1000.0,6.67,False,150.0,1.0,6.67,1.0
2017-12-18,248.0,86.0,13.0,347.0,2080.0,5.99,False,347.0,1.0,5.99,1.0
2018-01-02,191.0,80.0,18.0,289.0,1690.0,5.85,False,289.0,1.0,5.85,1.0
2018-01-16,123.0,70.0,19.0,212.0,1240.0,5.85,False,212.0,1.0,5.85,1.0
2018-01-30,205.0,84.0,15.0,304.0,1780.0,5.86,False,304.0,1.0,5.86,1.0
2018-02-12,275.0,66.0,17.0,358.0,2432.0,6.79,False,358.0,1.0,6.79,1.0
2018-02-27,466.0,159.0,45.0,670.0,4190.0,6.25,False,670.0,1.0,6.25,1.0
2018-03-23,507.0,227.0,24.0,758.0,4850.0,6.4,False,758.0,1.0,6.4,1.0
2018-03-31,1032.0,306.0,49.0,1387.0,8500.0,6.13,False,1387.0,1.0,6.13,1.0
2018-04-02,649.0,213.0,14.0,876.0,5940.0,6.78,False,876.0,1.0,6.78,1.0
2018-04-09,608.0,322.0,28.0,958.0,7350.0,7.67,False,958.0,1.0,7.67,1.0
2018-04-16,1044.0,292.0,26.0,1362.0,10330.0,7.58,False,1362.0,1.0,7.58,1.0
2018-04-23,658.0,217.0,36.0,911.0,7290.0,8.0,False,911.0,1.0,8.0,1.0
2018-05-01,1521.0,501.0,41.0,2063.0,16140.0,7.82,False,2063.0,1.0,7.82,1.0
2018-05-09,807.0,414.0,35.0,1256.0,10210.0,8.13,False,1256.0,1.0,8.13,1.0
2018-05-16,,,,1981.0,16050.0,8.1,True,,,8.1,1.0
2018-05-23,1671.0,568.0,75.0,2314.0,18480.0,7.99,False,2314.0,1.0,7.99,1.0
2018-05-31,1340.0,421.0,86.0,1847.0,15340.0,8.31,False,1847.0,1.0,8.31,1.0
2018-06-07,1830.0,747.0,125.0,2702.0,22180.0,8.21,False,2702.0,1.0,8.21,1.0
2018-06-12,1600.0,636.0,76.0,2312.0,19310.0,8.35,False,2312.0,1.0,8.35,1.0
2018-06-18,1667.0,654.0,182.0,2503.0,20060.0,8.01,False,2503.0,1.0,8.01,1.0
2018-06-29,2168.0,834.0,307.0,3309.0,17050.0,5.15,False,3309.0,1.0,5.15,1.0
2018-07-03,1250.0,584.0,114.0,1948.0,25400.0,13.04,False,1948.0,1.0,13.04,1.0
2018-07-10,1685.0,553.0,80.0,2318.0,18930.0,8.17,False,2318.0,1.0,8.17,1.0
2018-07-18,1414.0,653.0,139.0,2206.0,17840.0,8.09,False,2206.0,1.0,8.09,1.0
2018-07-25,2603.0,1130.0,207.0,3940.0,21460.0,5.45,False,3940.0,1.0,5.45,1.0
2018-07-30,1998.0,595.0,146.0,2739.0,8260.0,3.02,False,2739.0,1.0,3.02,1.0
2018-08-06,1075.0,,,,25510.0,,True,,,,
2018-08-15,1574.0,650.0,200.0,2424.0,17000.0,7.01,False,2424.0,1.0,7.01,1.0
2018-08-21,1824.0,695.0,155.0,2674.0,16770.0,6.27,False,2674.0,1.0,6.27,1.0
2018-08-28,1129.0,561.0,121.0,1811.0,12400.0,6.85,False,1811.0,1.0,6.85,1.0
2018-09-03,1412.0,514.0,117.0,2043.0,13350.0,6.53,False,2043.0,1.0,6.53,1.0
2018-09-10,803.0,303.0,28.0,1134.0,7800.0,6.88,False,1134.0,1.0,6.88,1.0
2018-09-17,1303.0,681.0,140.0,2124.0,14380.0,6.77,False,2124.0,1.0,6.77,1.0
2018-09-24,682.0,178.0,53.0,913.0,5800.0,6.35,False,913.0,1.0,6.35,1.0
2018-10-01,1395.0,676.0,138.0,2209.0,14530.0,6.58,False,2209.0,1.0,6.58,1.0
2018-10-08,906.0,456.0,130.0,1492.0,11280.0,7.56,False,1492.0,1.0,7.56,1.0
2018-10-15,1330.0,636.0,127.0,2093.0,14570.0,6.96,False,2093.0,1.0,6.96,1.0
2018-10-23,832.0,376.0,112.0,1320.0,9270.0,7.02,False,1320.0,1.0,7.02,1.0
2018-10-31,588.0,229.0,58.0,875.0,7630.0,8.72,False,875.0,1.0,8.72,1.0
2018-11-05,898.0,404.0,130.0,1432.0,10560.0,7.37,False,1432.0,1.0,7.37,1.0
2018-11-12,675.0,315.0,46.0,1036.0,7910.0,7.64,False,1036.0,1.0,7.64,1.0
2018-11-19,,,,648.0,5130.0,7.92,True,,,7.92,1.0
2018-11-28,,,,952.0,7146.0,7.51,True,,,7.51,1.0
2018-12-06,,,,695.0,5550.0,7.99,True,,,7.99,1.0
2018-12-11,331.0,140.0,40.0,511.0,4040.0,7.91,False,511.0,1.0,7.91,1.0
2018-12-21,,,,421.0,3310.0,7.86,True,,,7.86,1.0
2018-12-28,386.0,143.0,56.0,585.0,4220.0,7.21,False,585.0,1.0,7.21,1.0
2019-01-04,311.0,133.0,55.0,499.0,3940.0,7.9,False,499.0,1.0,7.9,1.0
2019-01-12,335.0,110.0,32.0,477.0,3430.0,7.19,False,477.0,1.0,7.19,1.0
2019-01-19,310.0,120.0,50.0,480.0,3510.0,7.31,False,480.0,1.0,7.31,1.0
2019-01-28,440.0,127.0,36.0,603.0,4430.0,7.35,False,603.0,1.0,7.35,1.0
2019-02-06,338.0,110.0,49.0,497.0,3670.0,7.38,False,497.0,1.0,7.38,1.0
2019-02-14,448.0,86.0,48.0,582.0,4260.0,7.32,False,582.0,1.0,7.32,1.0
2019-02-25,451.0,130.0,75.0,656.0,5380.0,8.2,False,656.0,1.0,8.2,1.0
2019-03-08,453.0,94.0,39.0,586.0,4690.0,8.0,False,586.0,1.0,8.0,1.0
2019-03-18,497.0,127.0,38.0,662.0,5900.0,8.91,False,662.0,1.0,8.91,1.0
2019-03-26,394.0,85.0,36.0,515.0,4750.0,9.22,False,515.0,1.0,9.22,1.0
2019-04-03,495.0,152.0,15.0,662.0,6300.0,9.52,False,662.0,1.0,9.52,1.0
2019-04-11,420.0,65.0,15.0,500.0,4550.0,9.1,False,500.0,1.0,9.1,1.0
2019-04-22,592.0,171.0,7.0,770.0,7160.0,9.3,False,770.0,1.0,9.3,1.0
2019-04-29,511.0,71.0,11.0,593.0,5610.0,9.46,False,593.0,1.0,9.46,1.0
2019-05-08,624.0,93.0,10.0,727.0,7090.0,9.75,False,727.0,1.0,9.75,1.0
2019-05-15,505.0,177.0,18.0,700.0,6870.0,9.81,False,700.0,1.0,9.81,1.0
2019-05-22,352.0,146.0,24.0,522.0,5430.0,10.4,False,522.0,1.0,10.4,1.0
2019-05-30,539.0,196.0,26.0,761.0,8270.0,10.87,False,761.0,1.0,10.87,1.0
2019-06-04,646.0,223.0,26.0,895.0,9580.0,10.7,False,895.0,1.0,10.7,1.0
2019-06-11,796.0,355.0,46.0,1197.0,12436.0,10.39,False,1197.0,1.0,10.39,1.0
2019-06-18,561.0,206.0,35.0,802.0,8630.0,10.76,False,802.0,1.0,10.76,1.0
2019-06-25,878.0,335.0,61.0,1274.0,13160.0,10.33,False,1274.0,1.0,10.33,1.0
2019-07-02,800.0,400.0,57.0,1257.0,19210.0,15.28,False,1257.0,1.0,15.28,1.0
2019-07-11,1091.0,534.0,66.0,1691.0,17810.0,10.53,False,1691.0,1.0,10.53,1.0
2019-07-18,1591.0,600.0,161.0,2352.0,22310.0,9.49,False,2352.0,1.0,9.49,1.0
2019-07-24,731.0,280.0,20.0,1031.0,12380.0,12.01,False,1031.0,1.0,12.01,1.0
2019-07-29,1672.0,500.0,114.0,2286.0,20870.0,9.13,False,2286.0,1.0,9.13,1.0
2019-08-05,893.0,352.0,61.0,1306.0,13050.0,9.99,False,1306.0,1.0,9.99,1.0
2019-08-12,1200.0,430.0,90.0,1720.0,13820.0,8.03,False,1720.0,1.0,8.03,1.0
2019-08-19,1844.0,795.0,170.0,2809.0,28620.0,10.19,False,2809.0,1.0,10.19,1.0
2019-08-25,1157.0,400.0,56.0,1613.0,15900.0,9.86,False,1613.0,1.0,9.86,1.0
2019-09-03,1384.0,425.0,120.0,1929.0,20160.0,10.45,False,1929.0,1.0,10.45,1.0
2019-09-10,1200.0,479.0,125.0,1804.0,25075.0,13.9,False,1804.0,1.0,13.9,1.0
2019-09-17,1612.0,893.0,193.0,2698.0,23710.0,8.79,False,2698.0,1.0,8.79,1.0
2019-09-24,1386.0,385.0,59.0,1830.0,12370.0,6.76,False,1830.0,1.0,6.76,1.0
2019-10-02,857.0,298.0,71.0,1226.0,11980.0,9.77,False,1226.0,1.0,9.77,1.0
2019-10-09,777.0,346.0,46.0,1169.0,11643.0,9.96,False,1169.0,1.0,9.96,1.0
2019-10-17,1194.0,535.0,104.0,1833.0,18240.0,9.95,False,1833.0,1.0,9.95,1.0
2019-10-24,972.0,407.0,62.0,1441.0,14150.0,9.82,False,1441.0,1.0,9.82,1.0
2019-10-30,724.0,370.0,45.0,1139.0,10454.0,9.18,False,1139.0,1.0,9.18,1.0
2019-11-04,923.0,341.0,51.0,1315.0,12600.0,9.58,False,1315.0,1.0,9.58,1.0
2019-11-11,863.0,314.0,43.0,1220.0,12350.0,10.12,False,1220.0,1.0,10.12,1.0
2019-11-19,874.0,361.0,70.0,1305.0,13040.0,9.99,False,1305.0,1.0,9.99,1.0
2019-11-26,976.0,292.0,80.0,1348.0,14070.0,10.44,False,1348.0,1.0,10.44,1.0
2019-12-05,565.0,194.0,53.0,812.0,8630.0,10.63,False,812.0,1.0,10.63,1.0
2019-12-12,710.0,218.0,62.0,990.0,10689.0,10.8,False,990.0,1.0,10.8,1.0
2019-12-27,772.0,230.0,77.0,1079.0,11090.0,10.28,False,1079.0,1.0,10.28,1.0
2020-01-04,718.0,200.0,82.0,1000.0,10096.0,10.1,False,1000.0,1.0,10.1,1.0
2020-01-14,,,,,12646.0,,True,,,,
2020-01-21,,,,,6650.0,,True,,,,
2020-01-29,621.0,135.0,55.0,811.0,7240.0,8.93,False,811.0,1.0,8.93,1.0
2020-02-06,530.0,152.0,118.0,800.0,7120.0,8.9,False,800.0,1.0,8.9,1.0
2020-02-13,654.0,,,,7036.0,,True,,,,
2020-02-20,534.0,137.0,79.0,750.0,6380.0,8.51,False,750.0,1.0,8.51,1.0
2020-02-27,606.0,104.0,80.0,790.0,6540.0,8.28,False,790.0,1.0,8.28,1.0
2020-03-05,546.0,75.0,89.0,710.0,5830.0,8.21,False,710.0,1.0,8.21,1.0
2020-03-12,535.0,171.0,63.0,769.0,6110.0,7.95,False,769.0,1.0,7.95,1.0
2020-03-18,650.0,86.0,90.0,826.0,6110.0,7.4,False,826.0,1.0,7.4,1.0
2020-03-24,453.0,66.0,46.0,565.0,4720.0,8.35,False,565.0,1.0,8.35,1.0
2020-04-01,439.0,136.0,52.0,627.0,4376.0,6.98,False,627.0,1.0,6.98,1.0
2020-04-08,405.0,112.0,52.0,569.0,4000.0,7.03,False,569.0,1.0,7.03,1.0
2020-04-15,356.0,90.0,29.0,475.0,4290.0,9.03,False,475.0,1.0,9.03,1.0
2020-04-22,425.0,72.0,8.0,505.0,4600.0,9.11,False,505.0,1.0,9.11,1.0
2020-04-28,75.0,82.0,8.0,165.0,1189.0,7.21,False,165.0,1.0,7.21,1.0
2020-05-14,549.0,249.0,31.0,829.0,8620.0,10.4,False,829.0,1.0,10.4,1.0
2020-05-21,513.0,159.0,16.0,688.0,7140.0,10.38,False,688.0,1.0,10.38,1.0
2020-05-28,531.0,317.0,20.0,868.0,9278.0,10.69,False,868.0,1.0,10.69,1.0
2020-06-05,697.0,328.0,37.0,1062.0,12640.0,11.9,False,1062.0,1.0,11.9,1.0
2020-06-11,,,,,8210.0,,True,,,,
2020-06-18,,,,,8000.0,,True,,,,
2020-06-24,540.0,268.0,16.0,824.0,9019.0,10.95,False,824.0,1.0,10.95,1.0
2020-07-01,706.0,499.0,89.0,1294.0,15672.0,12.11,False,1294.0,1.0,12.11,1.0
2020-07-08,648.0,321.0,33.0,1002.0,12490.0,12.47,False,1002.0,1.0,12.47,1.0
2020-07-15,600.0,416.0,27.0,1043.0,13190.0,12.65,False,1043.0,1.0,12.65,1.0
2020-07-22,1006.0,519.0,36.0,1561.0,19412.0,12.44,False,1561.0,1.0,12.44,1.0
2020-07-29,611.0,318.0,68.0,997.0,10853.0,10.89,False,997.0,1.0,10.89,1.0
2020-08-05,619.0,360.0,23.0,1002.0,12140.0,12.12,False,1002.0,1.0,12.12,1.0
2020-08-12,759.0,421.0,55.0,1235.0,13963.0,11.31,False,1235.0,1.0,11.31,1.0
2020-08-19,964.0,460.0,59.0,1483.0,15982.0,10.78,False,1483.0,1.0,10.78,1.0
2020-08-27,878.0,379.0,56.0,1313.0,14520.0,11.06,False,1313.0,1.0,11.06,1.0
2020-09-04,881.0,455.0,87.0,1423.0,14100.0,9.91,False,1423.0,1.0,9.91,1.0
2020-09-10,529.0,256.0,42.0,827.0,7259.0,8.78,False,827.0,1.0,8.78,1.0
2020-09-17,617.0,312.0,20.0,949.0,9104.0,9.59,False,949.0,1.0,9.59,1.0
2020-09-24,896.0,451.0,64.0,1411.0,13462.0,9.54,False,1411.0,1.0,9.54,1.0
2020-09-29,578.0,285.0,35.0,898.0,6950.0,7.74,False,898.0,1.0,7.74,1.0
2020-10-08,1004.0,379.0,45.0,1428.0,17009.0,11.91,False,1428.0,1.0,11.91,1.0
2020-10-14,360.0,333.0,57.0,750.0,7179.0,9.57,False,750.0,1.0,9.57,1.0
2020-10-21,955.0,491.0,83.0,1529.0,15081.0,9.86,False,1529.0,1.0,9.86,1.0
2020-10-28,661.0,265.0,35.0,961.0,9546.0,9.93,False,961.0,1.0,9.93,1.0
2020-11-03,698.0,302.0,28.0,1028.0,10062.0,9.79,False,1028.0,1.0,9.79,1.0
2020-11-10,560.0,263.0,57.0,880.0,9043.0,10.28,False,880.0,1.0,10.28,1.0
2020-11-17,602.0,297.0,75.0,974.0,10714.0,11.0,False,974.0,1.0,11.0,1.0
2020-11-24,442.0,124.0,32.0,598.0,6269.0,10.48,False,598.0,1.0,10.48,1.0
2020-12-01,540.0,195.0,32.0,767.0,8206.0,10.7,False,767.0,1.0,10.7,1.0
2020-12-08,417.0,151.0,30.0,598.0,6103.0,10.21,False,598.0,1.0,10.21,1.0
2020-12-15,462.0,144.0,79.0,685.0,7328.0,10.7,False,685.0,1.0,10.7,1.0
2020-12-22,555.0,165.0,64.0,784.0,6763.0,8.63,False,784.0,1.0,8.63,1.0
2020-12-28,611.0,153.0,34.0,798.0,8672.0,10.87,False,798.0,1.0,10.87,1.0
2021-01-04,777.0,155.0,60.0,992.0,9410.0,9.49,False,992.0,1.0,9.49,1.0
2021-01-11,780.0,175.0,92.0,1047.0,10705.0,10.22,False,1047.0,1.0,10.22,1.0
2021-01-18,553.0,100.0,65.0,718.0,6770.0,9.43,False,718.0,1.0,9.43,1.0
2021-01-25,1134.0,202.0,81.0,1417.0,14434.0,10.19,False,1417.0,1.0,10.19,1.0
2021-02-01,995.0,154.0,104.0,1253.0,11676.0,9.32,False,1253.0,1.0,9.32,1.0
2021-02-08,787.0,116.0,57.0,960.0,9539.0,9.94,False,960.0,1.0,9.94,1.0
2021-02-15,1023.0,172.0,78.0,1273.0,11461.0,9.0,False,1273.0,1.0,9.0,1.0
2021-02-22,1166.0,188.0,146.0,1500.0,14367.0,9.58,False,1500.0,1.0,9.58,1.0
2021-03-03,841.0,182.0,50.0,1073.0,9776.0,9.11,False,1073.0,1.0,9.11,1.0
2021-03-08,1132.0,125.0,76.0,1333.0,13034.0,9.78,False,1333.0,1.0,9.78,1.0
2021-03-15,705.0,130.0,96.0,931.0,9090.0,9.76,False,931.0,1.0,9.76,1.0
2021-03-22,904.0,152.0,30.0,1086.0,10682.0,9.84,False,1086.0,1.0,9.84,1.0
2021-03-29,880.0,136.0,64.0,1080.0,7840.0,7.26,False,1080.0,1.0,7.26,1.0
2021-04-05,1073.0,141.0,68.0,1282.0,12388.0,9.66,False,1282.0,1.0,9.66,1.0
2021-04-12,663.0,209.0,20.0,892.0,9086.0,10.19,False,892.0,1.0,10.19,1.0
2021-04-19,600.0,153.0,20.0,773.0,8890.0,11.5,False,773.0,1.0,11.5,1.0
2021-04-26,822.0,372.0,65.0,1259.0,14668.0,11.65,False,1259.0,1.0,11.65,1.0
2021-05-03,835.0,303.0,53.0,1191.0,12838.0,10.78,False,1191.0,1.0,10.78,1.0
2021-05-10,970.0,380.0,30.0,1380.0,14946.0,10.83,False,1380.0,1.0,10.83,1.0
2021-05-17,585.0,247.0,37.0,869.0,11010.0,12.67,False,869.0,1.0,12.67,1.0
2021-05-24,816.0,373.0,44.0,1233.0,13631.0,11.06,False,1233.0,1.0,11.06,1.0
2021-05-31,411.0,114.0,26.0,551.0,8510.0,15.44,False,551.0,1.0,15.44,1.0
2021-06-08,978.0,434.0,63.0,1475.0,18474.0,12.52,False,1475.0,1.0,12.52,1.0
2021-06-14,600.0,736.0,34.0,1370.0,8819.0,6.44,False,1370.0,1.0,6.44,1.0
2021-06-21,699.0,433.0,39.0,1171.0,15471.0,13.21,False,1171.0,1.0,13.21,1.0
2021-06-28,585.0,261.0,82.0,928.0,6918.0,7.45,False,928.0,1.0,7.45,1.0
2021-07-05,716.0,461.0,71.0,1248.0,19277.0,15.45,False,1248.0,1.0,15.45,1.0
2021-07-12,582.0,183.0,34.0,799.0,10036.0,12.56,False,799.0,1.0,12.56,1.0
2021-07-19,600.0,305.0,58.0,963.0,11658.0,12.11,False,963.0,1.0,12.11,1.0
2021-07-26,886.0,434.0,80.0,1400.0,17729.0,12.66,False,1400.0,1.0,12.66,1.0
2021-08-02,658.0,334.0,51.0,1043.0,13689.0,13.12,False,1043.0,1.0,13.12,1.0
2021-08-09,576.0,308.0,35.0,919.0,11890.0,12.94,False,919.0,1.0,12.94,1.0
2021-08-16,800.0,432.0,85.0,1317.0,17411.0,13.22,False,1317.0,1.0,13.22,1.0
2021-08-23,745.0,368.0,69.0,1182.0,15794.0,13.36,False,1182.0,1.0,13.36,1.0
2021-08-30,572.0,406.0,28.0,1006.0,7540.0,7.5,False,1006.0,1.0,7.5,1.0
2021-09-06,533.0,337.0,67.0,937.0,17017.0,18.16,False,937.0,1.0,18.16,1.0
2021-09-13,764.0,439.0,79.0,1282.0,14776.0,11.53,False,1282.0,1.0,11.53,1.0
2021-09-20,578.0,276.0,70.0,924.0,10992.0,11.9,False,924.0,1.0,11.9,1.0
2021-09-27,685.0,373.0,71.0,1129.0,13928.0,12.34,False,1129.0,1.0,12.34,1.0
2021-10-04,702.0,406.0,68.0,1176.0,14835.0,12.61,False,1176.0,1.0,12.61,1.0
2021-10-10,632.0,352.0,38.0,1022.0,13431.0,13.14,False,1022.0,1.0,13.14,1.0
2021-10-18,682.0,336.0,76.0,1094.0,14203.0,12.98,False,1094.0,1.0,12.98,1.0
2021-10-25,585.0,308.0,46.0,939.0,11640.0,12.4,False,939.0,1.0,12.4,1.0
2021-11-01,528.0,283.0,52.0,863.0,11761.0,13.63,False,863.0,1.0,13.63,1.0
2021-11-08,435.0,249.0,50.0,734.0,9497.0,12.94,False,734.0,1.0,12.94,1.0
2021-11-15,432.0,263.0,46.0,741.0,9172.0,12.38,False,741.0,1.0,12.38,1.0
2021-11-22,528.0,260.0,53.0,841.0,11216.0,13.34,False,841.0,1.0,13.34,1.0
2021-11-29,419.0,177.0,42.0,638.0,7350.0,11.52,False,638.0,1.0,11.52,1.0
2021-12-06,432.0,233.0,51.0,716.0,10230.0,14.29,False,716.0,1.0,14.29,1.0
2021-12-13,377.0,123.0,40.0,540.0,7340.0,13.59,False,540.0,1.0,13.59,1.0
2021-12-20,369.0,182.0,50.0,601.0,8730.0,14.53,False,601.0,1.0,14.53,1.0
2021-12-27,505.0,227.0,72.0,804.0,11520.0,14.33,False,804.0,1.0,14.33,1.0
2022-01-03,500.0,138.0,67.0,705.0,10150.0,14.4,False,705.0,1.0,14.4,1.0
2022-01-11,864.0,236.0,105.0,1205.0,17270.0,14.33,False,1205.0,1.0,14.33,1.0
2022-01-18,508.0,103.0,64.0,675.0,9250.0,13.7,False,675.0,1.0,13.7,1.0
2022-01-25,509.0,117.0,76.0,702.0,10300.0,14.67,False,702.0,1.0,14.67,1.0
2022-02-01,726.0,184.0,74.0,984.0,13050.0,13.26,False,984.0,1.0,13.26,1.0
2022-02-07,850.0,163.0,118.0,1131.0,15370.0,13.59,False,1131.0,1.0,13.59,1.0
2022-02-14,615.0,119.0,63.0,797.0,10910.0,13.69,False,797.0,1.0,13.69,1.0
2022-02-21,657.0,136.0,52.0,845.0,11320.0,13.4,False,845.0,1.0,13.4,1.0
2022-03-01,666.0,159.0,62.0,887.0,11740.0,13.24,False,887.0,1.0,13.24,1.0
2022-03-07,836.0,166.0,70.0,1072.0,14530.0,13.55,False,1072.0,1.0,13.55,1.0
2022-03-14,575.0,134.0,30.0,739.0,10210.0,13.82,False,739.0,1.0,13.82,1.0
2022-03-21,479.0,125.0,40.0,644.0,8880.0,13.79,False,644.0,1.0,13.79,1.0
2022-03-28,748.0,176.0,54.0,978.0,13530.0,13.83,False,978.0,1.0,13.83,1.0
2022-04-04,839.0,246.0,45.0,1130.0,16140.0,14.28,False,1130.0,1.0,14.28,1.0
2022-04-11,694.0,108.0,33.0,835.0,11000.0,13.17,False,835.0,1.0,13.17,1.0
2022-04-18,468.0,105.0,20.0,593.0,8940.0,15.08,False,593.0,1.0,15.08,1.0
2022-04-25,516.0,205.0,37.0,758.0,10870.0,14.34,False,758.0,1.0,14.34,1.0
2022-05-02,478.0,146.0,22.0,646.0,9500.0,14.71,False,646.0,1.0,14.71,1.0
2022-05-09,480.0,203.0,52.0,735.0,11060.0,15.05,False,735.0,1.0,15.05,1.0
2022-05-16,235.0,101.0,14.0,350.0,5880.0,16.8,False,350.0,1.0,16.8,1.0
2022-05-23,414.0,84.0,24.0,522.0,7146.0,13.69,False,522.0,1.0,13.69,1.0
2022-06-01,524.0,132.0,53.0,709.0,10970.0,15.47,False,709.0,1.0,15.47,1.0
2022-06-06,400.0,133.0,63.0,596.0,9340.0,15.67,False,596.0,1.0,15.67,1.0
2022-06-13,563.0,134.0,30.0,727.0,10850.0,14.92,False,727.0,1.0,14.92,1.0
2022-06-20,463.0,117.0,45.0,625.0,10146.0,16.23,False,625.0,1.0,16.23,1.0
2022-06-27,590.0,196.0,51.0,837.0,14060.0,16.8,False,837.0,1.0,16.8,1.0
2022-07-04,600.0,205.0,36.0,841.0,,,True,841.0,1.0,,
2022-07-11,600.0,174.0,55.0,829.0,,,True,829.0,1.0,,
2022-07-18,545.0,137.0,40.0,722.0,,,True,722.0,1.0,,
2022-07-25,650.0,250.0,70.0,970.0,,,True,970.0,1.0,,
2022-08-01,803.0,201.0,103.0,1107.0,,,True,1107.0,1.0,,
2022-08-08,607.0,187.0,38.0,832.0,,,True,832.0,1.0,,
2022-08-15,846.0,226.0,62.0,1134.0,,,True,1134.0,1.0,,
2022-08-22,865.0,274.0,94.0,1233.0,,,True,1233.0,1.0,,
2022-08-29,1098.0,334.0,107.0,1539.0,,,True,1539.0,1.0,,
2022-09-05,652.0,235.0,40.0,927.0,,,True,927.0,1.0,,
2022-09-12,630.0,259.0,74.0,963.0,,,True,963.0,1.0,,
2022-09-19,794.0,392.0,87.0,1273.0,,,True,1273.0,1.0,,
2022-09-26,935.0,180.0,120.0,1235.0,,,True,1235.0,1.0,,
2022-10-03,950.0,342.0,84.0,1376.0,,,True,1376.0,1.0,,
2022-10-10,1257.0,150.0,88.0,1495.0,,,True,1495.0,1.0,,
2022-10-17,680.0,265.0,93.0,1038.0,,,True,1038.0,1.0,,
2022-10-24,735.0,180.0,59.0,974.0,,,True,974.0,1.0,,
2022-10-31,1048.0,378.0,128.0,1554.0,,,True,1554.0,1.0,,
2022-11-08,1148.0,287.0,92.0,1527.0,,,True,1527.0,1.0,,
2022-11-15,600.0,174.0,40.0,814.0,,,True,814.0,1.0,,
2022-11-22,644.0,173.0,70.0,887.0,,,True,887.0,1.0,,
2022-11-28,776.0,258.0,80.0,1114.0,,,True,1114.0,1.0,,
2022-12-06,883.0,347.0,124.0,1354.0,,,True,1354.0,1.0,,
2022-12-12,600.0,117.0,37.0,754.0,,,True,754.0,1.0,,
2022-12-19,671.0,242.0,101.0,1014.0,,,True,1014.0,1.0,,
2022-12-27,735.0,121.0,60.0,916.0,,,True,916.0,1.0,,
2023-01-03,601.0,294.0,85.0,980.0,21058.0,21.49,False,980.0,1.0,21.49,1.0
2023-01-09,210.0,73.0,31.0,314.0,4990.0,15.89,False,314.0,1.0,15.89,1.0
2023-01-16,742.0,249.0,109.0,1100.0,17400.0,15.82,False,1100.0,1.0,15.82,1.0
2023-01-23,512.0,187.0,60.0,759.0,12130.0,15.98,False,759.0,1.0,15.98,1.0
2023-01-30,614.0,196.0,80.0,890.0,14450.0,16.24,False,890.0,1.0,16.24,1.0
2023-02-06,705.0,111.0,72.0,888.0,14200.0,15.99,False,888.0,1.0,15.99,1.0
2023-02-13,476.0,77.0,22.0,575.0,9100.0,15.83,False,575.0,1.0,15.83,1.0
2023-02-20,307.0,95.0,45.0,447.0,6780.0,15.17,False,447.0,1.0,15.17,1.0
2023-02-27,496.0,91.0,43.0,630.0,9550.0,15.16,False,630.0,1.0,15.16,1.0
2023-03-06,345.0,63.0,21.0,429.0,6800.0,15.85,False,429.0,1.0,15.85,1.0
2023-03-13,350.0,100.0,31.0,481.0,7440.0,15.47,False,481.0,1.0,15.47,1.0
2023-03-20,316.0,96.0,32.0,444.0,6940.0,15.63,False,444.0,1.0,15.63,1.0
2023-03-27,211.0,41.0,7.0,259.0,4030.0,15.56,False,259.0,1.0,15.56,1.0
2023-04-03,255.0,54.0,20.0,329.0,5200.0,15.81,False,329.0,1.0,15.81,1.0
2023-04-11,185.0,61.0,13.0,259.0,4130.0,15.95,False,259.0,1.0,15.95,1.0
2023-04-17,110.0,65.0,6.0,181.0,3400.0,18.78,False,181.0,1.0,18.78,1.0
2023-04-24,,,,,3840.0,,True,,,,
2023-05-02,157.0,57.0,12.0,226.0,3960.0,17.52,False,226.0,1.0,17.52,1.0
2023-05-09,102.0,68.0,6.0,176.0,3220.0,18.3,False,176.0,1.0,18.3,1.0
2023-05-15,177.0,110.0,13.0,300.0,5930.0,19.77,False,300.0,1.0,19.77,1.0
2023-05-22,138.0,76.0,19.0,233.0,4280.0,18.37,False,233.0,1.0,18.37,1.0
2023-05-29,149.0,55.0,12.0,216.0,4140.0,19.17,False,216.0,1.0,19.17,1.0
2023-06-06,134.0,74.0,20.0,228.0,4590.0,20.13,False,228.0,1.0,20.13,1.0
2023-06-12,172.0,106.0,24.0,302.0,5780.0,19.14,False,302.0,1.0,19.14,1.0
2023-06-19,245.0,147.0,36.0,428.0,8530.0,19.93,False,428.0,1.0,19.93,1.0
2023-06-27,258.0,130.0,40.0,428.0,8260.0,19.3,False,428.0,1.0,19.3,1.0
2023-07-03,264.0,155.0,22.0,441.0,9320.0,21.13,False,441.0,1.0,21.13,1.0
2023-07-10,335.0,153.0,33.0,521.0,10540.0,20.23,False,521.0,1.0,20.23,1.0
2023-07-17,357.0,223.0,38.0,618.0,13250.0,21.44,False,618.0,1.0,21.44,1.0
2023-07-24,484.0,270.0,41.0,795.0,16100.0,20.25,False,795.0,1.0,20.25,1.0
2023-07-31,750.0,336.0,110.0,1196.0,24530.0,20.51,False,1196.0,1.0,20.51,1.0
2023-08-07,576.0,243.0,52.0,871.0,12590.0,14.45,False,871.0,1.0,14.45,1.0
2023-08-14,613.0,241.0,73.0,927.0,18590.0,20.05,False,927.0,1.0,20.05,1.0
2023-08-21,695.0,234.0,50.0,979.0,20300.0,20.74,False,979.0,1.0,20.74,1.0
2023-08-28,784.0,294.0,87.0,1165.0,23290.0,19.99,False,1165.0,1.0,19.99,1.0
2023-09-04,527.0,221.0,46.0,794.0,16440.0,20.71,False,794.0,1.0,20.71,1.0
2023-09-11,1398.0,434.0,134.0,1966.0,39130.0,19.9,False,1966.0,1.0,19.9,1.0
2023-09-18,642.0,225.0,31.0,898.0,17940.0,19.98,False,898.0,1.0,19.98,1.0
2023-09-25,943.0,283.0,82.0,1308.0,25150.0,19.23,False,1308.0,1.0,19.23,1.0
2023-10-02,1173.0,310.0,118.0,1601.0,32700.0,20.42,False,1601.0,1.0,20.42,1.0
2023-10-09,737.0,480.0,99.0,1316.0,26730.0,20.31,False,1316.0,1.0,20.31,1.0
2023-10-16,906.0,427.0,102.0,1435.0,27430.0,19.11,False,1435.0,1.0,19.11,1.0
2023-10-23,902.0,281.0,53.0,1236.0,23930.0,19.36,False,1236.0,1.0,19.36,1.0
2023-10-30,989.0,428.0,87.0,1504.0,28290.0,18.81,False,1504.0,1.0,18.81,1.0
2023-11-06,762.0,214.0,77.0,1053.0,19470.0,18.49,False,1053.0,1.0,18.49,1.0
2023-11-13,735.0,320.0,102.0,1157.0,20910.0,18.07,False,1157.0,1.0,18.07,1.0
2023-11-20,924.0,351.0,77.0,1352.0,23740.0,17.56,False,1352.0,1.0,17.56,1.0
2023-11-27,750.0,187.0,42.0,979.0,17190.0,17.56,False,979.0,1.0,17.56,1.0
2023-12-04,952.0,399.0,109.0,1460.0,24210.0,16.58,False,1460.0,1.0,16.58,1.0
2023-12-11,550.0,181.0,28.0,759.0,12910.0,17.01,False,759.0,1.0,17.01,1.0
2023-12-18,912.0,200.0,117.0,1229.0,20750.0,16.88,False,1229.0,1.0,16.88,1.0
2023-12-26,1059.0,490.0,142.0,1691.0,27440.0,16.23,False,1691.0,1.0,16.23,1.0
2024-01-02,791.0,135.0,33.0,959.0,15790.0,16.47,False,959.0,1.0,16.47,1.0
2024-01-09,246.0,98.0,22.0,366.0,5900.0,16.12,False,366.0,1.0,16.12,1.0
2024-01-15,833.0,260.0,79.0,1172.0,18160.0,15.49,False,1172.0,1.0,15.49,1.0
2024-01-22,853.0,154.0,61.0,1068.0,15950.0,14.93,False,1068.0,1.0,14.93,1.0
2024-01-29,890.0,333.0,109.0,1332.0,19570.0,14.69,False,1332.0,1.0,14.69,1.0
2024-02-05,464.0,209.0,71.0,744.0,14550.0,19.56,False,744.0,1.0,19.56,1.0
2024-02-12,720.0,151.0,56.0,927.0,13950.0,15.05,False,927.0,1.0,15.05,1.0
2024-02-19,529.0,130.0,73.0,732.0,10160.0,13.88,False,732.0,1.0,13.88,1.0
2024-02-26,536.0,125.0,36.0,697.0,9320.0,13.37,False,697.0,1.0,13.37,1.0
2024-03-04,634.0,182.0,53.0,869.0,11090.0,12.76,False,869.0,1.0,12.76,1.0
2024-03-11,344.0,103.0,40.0,487.0,6030.0,12.38,False,487.0,1.0,12.38,1.0
2024-03-18,355.0,104.0,30.0,489.0,6030.0,12.33,False,489.0,1.0,12.33,1.0
2024-03-25,360.0,133.0,40.0,533.0,6700.0,12.57,False,533.0,1.0,12.57,1.0
2024-04-01,947.0,210.0,96.0,1253.0,16100.0,12.85,False,1253.0,1.0,12.85,1.0
2024-04-15,161.0,98.0,18.0,277.0,3120.0,11.26,False,277.0,1.0,11.26,1.0
2024-04-22,399.0,147.0,54.0,600.0,6910.0,11.52,False,600.0,1.0,11.52,1.0
2024-04-29,356.0,92.0,43.0,491.0,6090.0,12.4,False,491.0,1.0,12.4,1.0
2024-05-06,306.0,31.0,35.0,372.0,5460.0,14.68,False,372.0,1.0,14.68,1.0
2024-05-13,82.0,86.0,15.0,183.0,2800.0,15.3,False,183.0,1.0,15.3,1.0
2024-05-27,426.0,284.0,51.0,761.0,9990.0,13.13,False,761.0,1.0,13.13,1.0
2024-06-04,473.0,152.0,44.0,669.0,8700.0,13.0,False,669.0,1.0,13.0,1.0
2024-06-12,544.0,130.0,49.0,723.0,11300.0,15.63,False,723.0,1.0,15.63,1.0
2024-06-19,166.0,265.0,32.0,463.0,6110.0,13.2,False,463.0,1.0,13.2,1.0
2024-07-01,640.0,294.0,101.0,1035.0,12250.0,11.84,False,1035.0,1.0,11.84,1.0
2024-07-07,,,,,5750.0,,True,,,,
2024-07-15,478.0,105.0,20.0,603.0,7950.0,13.18,False,603.0,1.0,13.18,1.0
2024-07-29,913.0,276.0,160.0,1349.0,22960.0,17.02,False,1349.0,1.0,17.02,1.0
2024-08-07,759.0,800.0,149.0,1708.0,19220.0,11.25,False,1708.0,1.0,11.25,1.0
2024-08-13,,,,,14740.0,,True,,,,
2024-08-27,1459.0,770.0,120.0,2349.0,29740.0,12.66,False,2349.0,1.0,12.66,1.0
2024-09-09,675.0,329.0,87.0,1091.0,15290.0,14.01,False,1091.0,1.0,14.01,1.0
2024-09-20,806.0,340.0,78.0,1224.0,16220.0,13.25,False,1224.0,1.0,13.25,1.0
2024-09-30,656.0,363.0,63.0,1082.0,16040.0,14.82,False,1082.0,1.0,14.82,1.0
2024-10-07,622.0,93.0,22.0,737.0,10740.0,14.57,False,737.0,1.0,14.57,1.0
2024-10-17,557.0,317.0,74.0,948.0,13170.0,13.89,False,948.0,1.0,13.89,1.0
2024-10-28,721.0,257.0,30.0,1008.0,15070.0,14.95,False,1008.0,1.0,14.95,1.0
2024-11-04,394.0,208.0,51.0,653.0,8750.0,13.4,False,653.0,1.0,13.4,1.0
2024-11-16,590.0,286.0,62.0,938.0,16710.0,17.81,False,938.0,1.0,17.81,1.0
2024-12-02,,,,,12870.0,,True,,,,
2024-12-09,,,,,9820.0,,True,,,,
2024-12-18,,,,,8990.0,,True,,,,
2024-12-27,,,,,7946.0,,True,,,,
2025-01-06,,,,,9300.0,,True,,,,
2025-01-13,,,,,13930.0,,True,,,,
2025-01-20,487.0,154.0,33.0,674.0,8350.0,12.39,False,674.0,1.0,12.39,1.0
2025-02-03,765.0,199.0,37.0,1001.0,14690.0,14.68,False,1001.0,1.0,14.68,1.0
2025-02-10,691.0,158.0,106.0,955.0,12770.0,13.37,False,955.0,1.0,13.37,1.0
2025-02-17,1048.0,117.0,73.0,1238.0,18610.0,15.03,False,1238.0,1.0,15.03,1.0
2025-02-24,208.0,283.0,42.0,533.0,8100.0,15.2,False,533.0,1.0,15.2,1.0
2025-03-03,404.0,170.0,26.0,600.0,12350.0,20.58,False,600.0,1.0,20.58,1.0
2025-03-10,1041.0,150.0,71.0,1262.0,18730.0,14.84,False,1262.0,1.0,14.84,1.0
2025-03-17,388.0,270.0,118.0,776.0,11970.0,15.43,False,776.0,1.0,15.43,1.0
2025-03-24,651.0,202.0,74.0,927.0,11530.0,12.44,False,927.0,1.0,12.44,1.0
2025-04-01,431.0,120.0,50.0,601.0,8590.0,14.29,False,601.0,1.0,14.29,1.0
2025-04-07,539.0,81.0,44.0,664.0,9210.0,13.87,False,664.0,1.0,13.87,1.0
2025-04-14,423.0,150.0,28.0,601.0,6840.0,11.38,False,601.0,1.0,11.38,1.0
2025-04-21,550.0,220.0,40.0,810.0,10860.0,13.41,False,810.0,1.0,13.41,1.0
2025-04-28,520.0,200.0,30.0,750.0,10540.0,14.05,False,750.0,1.0,14.05,1.0
2025-05-05,,,,,8290.0,,True,,,,
2025-05-12,,,,,5520.0,,True,,,,
2025-05-19,,,,,7610.0,,True,,,,
